{
    "0": 527405.8473402923,
    "lj": -9.843173540177172
}